{"cameraMode":{"drawMode":0,"name":"Shaded","section":"Shading Mode"},"sceneLighting":true,"audioPlay":false,"sceneViewState":{"showFog":true,"showMaterialUpdate":false,"showSkybox":true,"showFlares":true,"showImageEffects":true,"showParticleSystems":true},"in2DMode":false,"pivot":{"x":-4.024774074554443,"y":0.28074681758880618,"z":11.425827026367188},"rotation":{"x":-0.07645940780639649,"y":0.6036474704742432,"z":-0.05831696838140488,"w":-0.79143226146698},"size":3.9831936359405519,"orthographic":false}