{"cameraMode":{"drawMode":0,"name":"Shaded","section":"Shading Mode"},"sceneLighting":true,"audioPlay":false,"sceneViewState":{"showFog":true,"showMaterialUpdate":false,"showSkybox":true,"showFlares":true,"showImageEffects":true,"showParticleSystems":true},"in2DMode":false,"pivot":{"x":0.948239803314209,"y":6.216594696044922,"z":40.733497619628909},"rotation":{"x":-0.07125834375619888,"y":-0.16440226137638093,"z":0.011912660673260689,"w":-0.9837519526481628},"size":81.58063507080078,"orthographic":false}